"sample_name","O.HOM.","E.HOM.","N_SITES","F","state","accession_ID","scale","Race","O.HET.","E.HET.","HETob","HETex","HOMex"
"CAM_E13_1",77591,60073.1,85304,0.6943,"Campeche","CAM_E54","National","Dzit-bacal",7713,25230.9,0.0904177998687049,0.2957762824721,0.7042237175279
"CAM_E14_1",78153,60019.7,85215,0.71971,"Campeche","CAM_E54","National","Dzit-bacal",7062,25195.3,0.082872733673649,0.295667429443173,0.704332570556827
"CAM_E15_1",77854,59404.5,84346,0.73971,"Campeche","CAM_E55","National","Dzit-bacal",6492,24941.5,0.0769686766414531,0.295704597728404,0.704295402271596
"CAM_E16",78320,59760.7,84868,0.7392,"Campeche","CAM_E55","National","Dzit-bacal",6548,25107.3,0.0771551114672197,0.295839421218834,0.704160578781166
"CAM_E21_1",77245,58133.8,82492,0.78459,"Campeche","CAM_E58","National","Tuxpe単o",5247,24358.2,0.0636061678708238,0.295279542258643,0.704720457741357
"CAM_E22_1",77378,58862.7,83550,0.74999,"Campeche","CAM_E58","National","Tuxpe単o",6172,24687.3,0.0738719329742669,0.295479353680431,0.704520646319569
"CAM_E25_1",77343,58605.2,83176,0.7626,"Campeche","CAM_E60","National","Tuxpe単o",5833,24570.8,0.0701284024237761,0.295407329037222,0.704592670962778
"CAM_E26_1",77694,58544.3,83087,0.78026,"Campeche","CAM_E60","National","Tuxpe単o",5393,24542.7,0.0649078676567935,0.295385559714516,0.704614440285484
"CHIS_E10_1",77500,59031.1,83822,0.74499,"Chiapas","CHIS_E52","Regional","Olotillo",6322,24790.9,0.0754217269929136,0.295756483977953,0.704243516022047
"CHIS_E23_1",76789,57739.9,81967,0.78627,"Chiapas","CHIS_E59","National","Olotillo",5178,24227.1,0.063171764246587,0.29557138848561,0.70442861151439
"CHIS_E24_1",77484,58575.3,83163,0.76903,"Chiapas","CHIS_E59","National","Olotillo",5679,24587.7,0.0682875798131381,0.295656722340464,0.704343277659536
"CHIS_E9_1",78506,60381.4,85728,0.71507,"Chiapas","CHIS_E52","Regional","Olotillo",7222,25346.6,0.0842431877566256,0.295663027248973,0.704336972751026
"CHIS_L04_1",77907,60101.1,85333,0.70569,"Chiapas","CHIS_L04","Local","Olotillo",7426,25231.9,0.0870237774366306,0.295687483154231,0.704312516845769
"CHIS_L04_2",77612,60065.8,85323,0.6947,"Chiapas","CHIS_L04","Local","Olotillo",7711,25257.2,0.0903742250038091,0.296018658509429,0.703981341490571
"CHIS_L04_3",76791,57667.9,81810,0.79211,"Chiapas","CHIS_L04","Local","Olotillo",5019,24142.1,0.0613494682801613,0.295099621073218,0.704900378926782
"CHIS_L04_4",77531,58728.6,83359,0.76338,"Chiapas","CHIS_L04","Local","Olotillo",5828,24630.4,0.0699144663443659,0.295473794071426,0.704526205928574
"CHIS_L08_1",77947,59245.4,84067,0.75344,"Chiapas","CHIS_L08","Local","Olotillo",6120,24821.6,0.072799076926737,0.295259733307957,0.704740266692043
"CHIS_L08_2",78076,60193.1,85481,0.70717,"Chiapas","CHIS_L08","Local","Olotillo",7405,25287.9,0.0866274376762087,0.295830652425685,0.704169347574315
"CHIS_L08_3",80292,59465.2,84475,0.83275,"Chiapas","CHIS_L08","Local","Olotillo",4183,25009.8,0.0495176087599882,0.296061556673572,0.703938443326428
"CHIS_L08_4",77718,59213.7,84049,0.74508,"Chiapas","CHIS_L08","Local","Olotillo",6331,24835.3,0.0753251079727302,0.29548596651953,0.70451403348047
"CHIS_L33_1",5484,3865.8,5492,0.99508,"Chiapas","CHIS_L33","Local","Olotillo",8,1626.2,0.00145666423889294,0.296103423160961,0.703896576839039
"CHIS_L33_2",77331,58657.6,83299,0.75781,"Chiapas","CHIS_L33","Local","Olotillo",5968,24641.4,0.0716455179533968,0.295818677295046,0.704181322704954
"CHIS_L33_3",77766,58993.6,83741,0.75856,"Chiapas","CHIS_L33","Local","Olotillo",5975,24747.4,0.0713509511469889,0.295523100989957,0.704476899010043
"CHIS_L33_4",78107,59414.2,84346,0.74976,"Chiapas","CHIS_L33","Local","Olotillo",6239,24931.8,0.0739691271666706,0.29558959523866,0.70441040476134
"CHIS_L34_1",78337,59284.8,84137,0.76662,"Chiapas","CHIS_L34","Local","Olotillo",5800,24852.2,0.0689351890369279,0.2953777767213,0.7046222232787
"CHIS_L34_2",77424,58700.1,83299,0.76117,"Chiapas","CHIS_L34","Local","Olotillo",5875,24598.9,0.0705290579718844,0.29530846708844,0.70469153291156
"CHIS_L34_3",78742,60125.9,85372,0.73739,"Chiapas","CHIS_L34","Local","Olotillo",6630,25246.1,0.0776601227568758,0.295718736822377,0.704281263177623
"CHIS_L34_4",77803,60207.1,85493,0.69588,"Chiapas","CHIS_L34","Local","Olotillo",7690,25285.9,0.0899488847040109,0.295765735206391,0.704234264793609
"CHIS_L35_1",78329,59649.1,84643,0.74738,"Chiapas","CHIS_L35","Local","Olotillo",6314,24993.9,0.0745956546908782,0.295286083905344,0.704713916094656
"CHIS_L35_2",77967,60144.5,85394,0.70586,"Chiapas","CHIS_L35","Local","Olotillo",7427,25249.5,0.0869733236527157,0.295682366442607,0.704317633557393
"CHIS_L35_3",78336,60426,85805,0.7057,"Chiapas","CHIS_L35","Local","Olotillo",7469,25379,0.087046209428355,0.295775304469437,0.704224695530564
"CHIS_L35_4",77139,59275.3,84143,0.71835,"Chiapas","CHIS_L35","Local","Olotillo",7004,24867.7,0.0832392474715663,0.295540924378736,0.704459075621264
"CHIS_L36_1",73628,59101.4,83946,0.5847,"Chiapas","CHIS_L36","Local","Olotillo",10318,24844.6,0.122912348414457,0.295959307173659,0.704040692826341
"CHIS_L36_2",71771,58463,83042,0.54144,"Chiapas","CHIS_L36","Local","Olotillo",11271,24579,0.135726499843453,0.295982755713976,0.704017244286024
"CHIS_L36_5",79631,58715.4,83351,0.849,"Chiapas","CHIS_L36","Local","Olotillo",3720,24635.6,0.0446305383258749,0.295564540317453,0.704435459682547
"CHIS_L36_8",77976,59462.3,84386,0.74281,"Chiapas","CHIS_L36","Local","Olotillo",6410,24923.7,0.075960467376105,0.295353494655512,0.704646505344488
"CHIS_L37_1",70124,58798.6,83543,0.4577,"Chiapas","CHIS_L37","Local","Olotillo",13419,24744.4,0.160623870342219,0.296187592018481,0.703812407981518
"CHIS_L37_2",78255,59445.4,84401,0.75372,"Chiapas","CHIS_L37","Local","Olotillo",6146,24955.6,0.0728190424284072,0.295678961149749,0.704321038850251
"CHIS_L37_3",77443,58294.8,82728,0.7837,"Chiapas","CHIS_L37","Local","Olotillo",5285,24433.2,0.0638840537665603,0.295343777197563,0.704656222802437
"CHIS_L37_4",77160,59659.1,84744,0.69767,"Chiapas","CHIS_L37","Local","Olotillo",7584,25084.9,0.0894930614556783,0.296007976965921,0.703992023034079
"CHIS_L38_1",77156,58122.4,82505,0.78062,"Chiapas","CHIS_L38","Local","Mix",5349,24382.6,0.0648324343979153,0.29552875583298,0.70447124416702
"CHIS_L38_2",77157,58283.4,82714,0.77254,"Chiapas","CHIS_L38","Local","Mix",5557,24430.6,0.0671833063326644,0.295362332857799,0.704637667142201
"CHIS_L38_3",78076,59223.8,84058,0.75912,"Chiapas","CHIS_L38","Local","Mix",5982,24834.2,0.0711651478740869,0.295441242951295,0.704558757048705
"CHIS_L41_1",72738,58613.2,83229,0.57381,"Chiapas","CHIS_L41","Local","Olotillo",10491,24615.8,0.126049814367588,0.295759891384013,0.704240108615987
"CHIS_L41_2",77364,58375.6,82875,0.77506,"Chiapas","CHIS_L41","Local","Olotillo",5511,24499.4,0.0664977375565611,0.295618702865762,0.704381297134238
"CHIS_L41_3",77813,58857.3,83503,0.76913,"Chiapas","CHIS_L41","Local","Olotillo",5690,24645.7,0.0681412643857107,0.295147479731267,0.704852520268733
"CHIS_L41_4",78372,60302.2,85674,0.7122,"Chiapas","CHIS_L41","Local","Olotillo",7302,25371.8,0.0852300581273198,0.296143520788104,0.703856479211896
"CHIS_L42_1",78229,59444.5,84446,0.75133,"Chiapas","CHIS_L42","Local","Olotillo",6217,25001.5,0.0736210122445113,0.296064940908983,0.703935059091017
"CHIS_L42_2",77117,58646.5,83258,0.75048,"Chiapas","CHIS_L42","Local","Olotillo",6141,24611.5,0.0737586778447717,0.295605227125321,0.704394772874679
"CHIS_L42_3",77982,59842.9,85000,0.72103,"Chiapas","CHIS_L42","Local","Olotillo",7018,25157.1,0.0825647058823529,0.295965882352941,0.704034117647059
"CHIS_L42_4",76287,57607.2,81743,0.77395,"Chiapas","CHIS_L42","Local","Olotillo",5456,24135.8,0.0667457763967557,0.295264426311733,0.704735573688267
"CHIS_L43_1",73009,59247.6,84160,0.55239,"Chiapas","CHIS_L43","Local","Olotillo",11151,24912.4,0.132497623574144,0.296012357414449,0.703987642585551
"CHIS_L43_2",73768,58679.6,83257,0.61391,"Chiapas","CHIS_L43","Local","Olotillo",9489,24577.4,0.113972398717225,0.295199202469462,0.704800797530538
"CHIS_L43_3",72607,57929.1,82230,0.60401,"Chiapas","CHIS_L43","Local","Olotillo",9623,24300.9,0.117025416514654,0.295523531557826,0.704476468442174
"CHIS_L43_4",73626,59668.6,84747,0.55655,"Chiapas","CHIS_L43","Local","Olotillo",11121,25078.4,0.131225884102092,0.295920799556326,0.704079200443674
"CHIS_L43_5",74494,59245.4,84099,0.61354,"Chiapas","CHIS_L43","Local","Olotillo",9605,24853.6,0.114210632706691,0.295527889748986,0.704472110251014
"CHIS_L43_6",74728,58477.1,82992,0.6629,"Chiapas","CHIS_L43","Local","Olotillo",8264,24514.9,0.0995758627337575,0.295388712165028,0.704611287834972
"CHIS_L44_1",77301,60227.6,85568,0.67376,"Chiapas","CHIS_L44","Local","Olotillo",8267,25340.4,0.096613219895288,0.296143418100224,0.703856581899776
"CHIS_L44_2",77953,60132,85396,0.70539,"Chiapas","CHIS_L44","Local","Olotillo",7443,25264,0.0871586491170547,0.295845238652864,0.704154761347136
"CHIS_L44_3",76589,58323.7,82787,0.74664,"Chiapas","CHIS_L44","Local","Olotillo",6198,24463.3,0.0748668269172696,0.295496877529081,0.704503122470919
"CHIS_L44_4",77480,58796.8,83441,0.75812,"Chiapas","CHIS_L44","Local","Olotillo",5961,24644.2,0.0714396999077192,0.295348809338335,0.704651190661665
"CHIS_L45_1",77990,59135.5,83945,0.75997,"Chiapas","CHIS_L45","Local","Olotillo",5955,24809.5,0.0709393054976473,0.295544701888141,0.704455298111859
"CHIS_L45_2",78102,60230.5,85505,0.7071,"Chiapas","CHIS_L45","Local","Olotillo",7403,25274.5,0.0865797321794047,0.295590901116894,0.704409098883106
"CHIS_L45_3",78391,60021.5,85248,0.72818,"Chiapas","CHIS_L45","Local","Olotillo",6857,25226.5,0.0804359046546547,0.295918965840841,0.704081034159159
"CHIS_L45_4",77846,59286.1,84160,0.74616,"Chiapas","CHIS_L45","Local","Olotillo",6314,24873.9,0.0750237642585551,0.295554895437262,0.704445104562738
"CHIS_R02_1",78661,60322.3,85664,0.72366,"Chiapas","CHIS_R02","Regional","Olotillo",7003,25341.7,0.0817496264475159,0.295826718341427,0.704173281658573
"CHIS_R02_2",76483,57474,81613,0.78748,"Chiapas","CHIS_R02","Regional","Olotillo",5130,24139,0.0628576329751388,0.295773957580287,0.704226042419713
"CHIS_R02_3",77808,59045.7,83826,0.75715,"Chiapas","CHIS_R02","Regional","Olotillo",6018,24780.3,0.0717915682485148,0.295615918688712,0.704384081311288
"CHIS_R02_4",77798,59016.9,83726,0.76009,"Chiapas","CHIS_R02","Regional","Olotillo",5928,24709.1,0.0708023791892602,0.295118601151375,0.704881398848625
"CHIS_R05_1",78181,60031.4,85254,0.71958,"Chiapas","CHIS_R05","Regional","Olotillo",7073,25222.6,0.0829638492035564,0.295852394022568,0.704147605977432
"CHIS_R05_2",81097,59175.7,84076,0.88036,"Chiapas","CHIS_R05","Regional","Olotillo",2979,24900.3,0.0354322279842048,0.296164184785194,0.703835815214806
"CHIS_R05_3",78353,59032.1,83795,0.78024,"Chiapas","CHIS_R05","Regional","Olotillo",5442,24762.9,0.0649442090816875,0.295517632316964,0.704482367683036
"CHIS_R05_4",76918,59388.1,84302,0.70362,"Chiapas","CHIS_R05","Regional","Olotillo",7384,24913.9,0.087589855519442,0.295531541363194,0.704468458636806
"CHIS_R06_1",77828,58765,83425,0.77303,"Chiapas","CHIS_R06","Regional","Olotillo",5597,24660,0.0670902007791429,0.295594845669763,0.704405154330237
"CHIS_R06_2",78111,59866.3,85037,0.72484,"Chiapas","CHIS_R06","Regional","Olotillo",6926,25170.7,0.0814468995848866,0.295997036584075,0.704002963415925
"CHIS_R06_3",69028,50822.1,72190,0.85202,"Chiapas","CHIS_R06","Regional","Olotillo",3162,21367.9,0.0438010804820612,0.2959952902064,0.7040047097936
"CHIS_R06_4",76972,59358.7,84316,0.70574,"Chiapas","CHIS_R06","Regional","Olotillo",7344,24957.3,0.0871009061150908,0.29599720100574,0.70400279899426
"CHIS_R10_1",77559,58527,83106,0.77432,"Chiapas","CHIS_R10","Regional","Olotillo",5547,24579,0.0667460833152841,0.295754819146632,0.704245180853368
"CHIS_R10_2",78496,60326.8,85667,0.71701,"Chiapas","CHIS_R10","Regional","Olotillo",7171,25340.2,0.0837078454947646,0.295798849031716,0.704201150968284
"CHIS_R10_3",77465,57884.8,82133,0.80749,"Chiapas","CHIS_R10","Regional","Olotillo",4668,24248.2,0.0568346462445059,0.295230905969586,0.704769094030414
"CHIS_R10_4",77941,58494.2,83045,0.7921,"Chiapas","CHIS_R10","Regional","Olotillo",5104,24550.8,0.0614606538623638,0.295632488409898,0.704367511590102
"CHIS_R11_1",78312,60466,85867,0.70257,"Chiapas","CHIS_R11","Regional","Olotillo",7555,25401,0.0879849068908894,0.295817951017271,0.704182048982729
"CHIS_R11_2",77952,60241.1,85559,0.69954,"Chiapas","CHIS_R11","Regional","Olotillo",7607,25317.9,0.0889094075433327,0.295911593169626,0.704088406830374
"CHIS_R11_3",75943,56836.1,80632,0.80295,"Chiapas","CHIS_R11","Regional","Olotillo",4689,23795.9,0.0581530905843834,0.295117323147138,0.704882676852862
"CHIS_R11_4",78367,57835.6,82069,0.84724,"Chiapas","CHIS_R11","Regional","Olotillo",3702,24233.4,0.0451083844082418,0.295280800302185,0.704719199697815
"CHIS_R40_1",76242,57975.6,82305,0.75079,"Chiapas","CHIS_R40","Regional","Olotillo",6063,24329.4,0.0736650264260981,0.295600510297066,0.704399489702934
"CHIS_R40_2",77842,60334.8,85677,0.69083,"Chiapas","CHIS_R40","Regional","Olotillo",7835,25342.2,0.0914481132626026,0.295787667635421,0.704212332364579
"CHIS_R40_3",77652,59894.8,85059,0.70565,"Chiapas","CHIS_R40","Regional","Olotillo",7407,25164.2,0.087080732197651,0.295844061181063,0.704155938818937
"CHIS_R40_4",77111,58021.6,82325,0.78546,"Chiapas","CHIS_R40","Regional","Olotillo",5214,24303.4,0.0633343455815366,0.295212875797146,0.704787124202854
"GAV_F1L1_1",76775,58168,82515,0.76424," ","GAV_F1L1","_F","Olotillo",5740,24347,0.0695631097376235,0.295061503968975,0.704938496031025
"GAV_F1L1_2",78075,59298.9,84147,0.75564," ","GAV_F1L1","_F","Olotillo",6072,24848.1,0.0721594352739848,0.295293949873436,0.704706050126564
"GAV_F1L1_3",74839,56048,79521,0.80054," ","GAV_F1L1","_F","Olotillo",4682,23473,0.0588775292061217,0.295179889588914,0.704820110411086
"GAV_F1L1_4",77569,58727.7,83333,0.76574," ","GAV_F1L1","_F","Olotillo",5764,24605.3,0.0691682766731067,0.295264781059124,0.704735218940876
"GAV_F1L2_1",77838,59082.7,83854,0.75714," ","GAV_F1L2","_F","Olotillo",6016,24771.3,0.0717437450807356,0.295409879075536,0.704590120924464
"GAV_F1L2_2",76746,57667.3,81813,0.79015," ","GAV_F1L2","_F","Olotillo",5067,24145.7,0.0619339224817572,0.295132802855292,0.704867197144708
"GAV_F1L3_1",77436,58916.3,83602,0.75022," ","GAV_F1L3","_F","Olotillo",6166,24685.7,0.0737542164063061,0.29527642879357,0.70472357120643
"GAV_F1L3_2",77013,58278.3,82688,0.76751," ","GAV_F1L3","_F","Olotillo",5675,24409.7,0.0686314821981424,0.295202447755418,0.704797552244582
"GAV_F1N1_1",76487,58127.9,82508,0.75304," ","GAV_F1N1","_F","Olotillo",6021,24380.1,0.0729747418432152,0.295487710282639,0.704512289717361
"GAV_F1N1_2",77101,58358.2,82798,0.7669," ","GAV_F1N1","_F","Olotillo",5697,24439.8,0.0688060098070002,0.295173796468514,0.704826203531486
"GAV_F1N2_1",77615,59237.1,84074,0.73994," ","GAV_F1N2","_F","Olotillo",6459,24836.9,0.0768251778195399,0.295417132526108,0.704582867473892
"GAV_F1N3_1",3943,2790.7,3947,0.99654," ","GAV_F1N3","_F","Olotillo",4,1156.3,0.00101342791993919,0.292956675956423,0.707043324043577
"GAV_F1R1_1",77041,58538,83106,0.75313," ","GAV_F1R1","_F","Olotillo",6065,24568,0.0729790869491974,0.295622458065603,0.704377541934397
"GAV_F1R1_2",77457,59012,83705,0.74697," ","GAV_F1R1","_F","Olotillo",6248,24693,0.0746430918105251,0.295000298667941,0.704999701332059
"GAV_F1R2_1",611,440.4,611,1," ","GAV_F1R2","_F","Olotillo",0,170.6,0,0.279214402618658,0.720785597381342
"GAV_F1R2_2",76635,58493.9,83019,0.73969," ","GAV_F1R2","_F","Olotillo",6384,24525.1,0.0768980594803599,0.295415507293511,0.704584492706489
"GAV_F1R3_1",77003,58599.4,83172,0.74895," ","GAV_F1R3","_F","Olotillo",6169,24572.6,0.0741715962102631,0.295443177992594,0.704556822007406
"GAV_F1R3_2",76496,57735.8,81950,0.77476," ","GAV_F1R3","_F","Olotillo",5454,24214.2,0.0665527760829774,0.29547528981086,0.70452471018914
"GRO_N13_1",80037,59301,84219,0.83217,"Guerrero","GRO_N13","National","Olotillo",4182,24918,0.0496562533395077,0.295871477932533,0.704128522067467
"GRO_N13_2",77715,60013.3,85205,0.70268,"Guerrero","GRO_N13","National","Olotillo",7490,25191.7,0.0879056393404143,0.295659879115075,0.704340120884925
"GRO_N13_3",76908,58028.8,82329,0.77692,"Guerrero","GRO_N13","National","Olotillo",5421,24300.2,0.0658455708195168,0.295159664273828,0.704840335726172
"GRO_N13_4",77598,58302,82757,0.78904,"Guerrero","GRO_N13","National","Olotillo",5159,24455,0.0623391374747755,0.295503703614196,0.704496296385804
"GRO_N14_1",76051,57906.6,82238,0.74572,"Guerrero","GRO_N14","National","Olotillo",6187,24331.4,0.075232860721321,0.295865658211532,0.704134341788468
"GRO_N14_2",78457,60332.4,85678,0.7151,"Guerrero","GRO_N14","National","Olotillo",7221,25345.6,0.0842806788207008,0.295823898783818,0.704176101216182
"GRO_N14_3",76813,57755.6,81973,0.78693,"Guerrero","GRO_N14","National","Olotillo",5160,24217.4,0.0629475559025533,0.295431422541569,0.704568577458431
"GRO_N14_4",77668,58776.9,83442,0.7659,"Guerrero","GRO_N14","National","Olotillo",5774,24665.1,0.0691977661129887,0.295595743150931,0.704404256849069
"GRO_N15_1",77867,59607.5,84664,0.72873,"Guerrero","GRO_N15","National","Olotillo",6797,25056.5,0.080282056127752,0.295952234716054,0.704047765283946
"GRO_N15_2",77907,59737.2,84822,0.72433,"Guerrero","GRO_N15","National","Olotillo",6915,25084.8,0.0815236613142817,0.295734597156398,0.704265402843602
"GRO_N15_3",76583,57511.8,81639,0.79044,"Guerrero","GRO_N15","National","Olotillo",5056,24127.2,0.0619311848503779,0.295535222136479,0.704464777863521
"GRO_N15_4",77656,58650.5,83210,0.77386,"Guerrero","GRO_N15","National","Olotillo",5554,24559.5,0.0667467852421584,0.295150823218363,0.704849176781637
"GRO_N16_1",78385,60322.2,85660,0.71288,"Guerrero","GRO_N16","National","Olotillo",7275,25337.8,0.0849287882325473,0.295795003502218,0.704204996497782
"GRO_N16_2",78302,60025.3,85253,0.72447,"Guerrero","GRO_N16","National","Olotillo",6951,25227.7,0.0815337876672962,0.29591568625151,0.70408431374849
"GRO_N16_3",77949,58901.4,83588,0.77158,"Guerrero","GRO_N16","National","Olotillo",5639,24686.6,0.0674618366272671,0.295336651193951,0.704663348806049
"GRO_N16_4",77764,58691.6,83298,0.7751,"Guerrero","GRO_N16","National","Olotillo",5534,24606.4,0.0664361689356287,0.295402050469399,0.704597949530601
"GRO_N18_1",78715,59804.3,84961,0.75172,"Guerrero","GRO_N18","National","Olotillo",6246,25156.7,0.0735160838502372,0.296097032756206,0.703902967243794
"GRO_N18_2",78813,59507.1,84502,0.77239,"Guerrero","GRO_N18","National","Olotillo",5689,24994.9,0.0673238503230693,0.295790632174386,0.704209367825614
"GRO_N18_3",78207,58900.2,83597,0.78175,"Guerrero","GRO_N18","National","Olotillo",5390,24696.8,0.0644759979425099,0.295426869385265,0.704573130614735
"GRO_N18_4",78232,58641.5,83235,0.79657,"Guerrero","GRO_N18","National","Olotillo",5003,24593.5,0.060106926172884,0.295470655373341,0.704529344626659
"GRO_N19_1",77366,59956.1,85140,0.69131,"Guerrero","GRO_N19","National","Olotillo",7774,25183.9,0.0913084331688983,0.295793986375382,0.704206013624618
"GRO_N19_2",78679,60339.2,85710,0.72287,"Guerrero","GRO_N19","National","Olotillo",7031,25370.8,0.0820324349550811,0.296007467040019,0.703992532959981
"GRO_N19_3",77703,58754.7,83411,0.7685,"Guerrero","GRO_N19","National","Olotillo",5708,24656.3,0.0684322211698697,0.295600100706142,0.704399899293858
"GRO_N19_4",77627,58757.7,83415,0.76526,"Guerrero","GRO_N19","National","Olotillo",5788,24657.3,0.069387999760235,0.295597914044237,0.704402085955763
"GRO_N20_1",78065,60034.6,85249,0.71508,"Guerrero","GRO_N20","National","Olotillo",7184,25214.4,0.084270783234994,0.295773557461085,0.704226442538915
"GRO_N20_2",78036,59670.1,84741,0.73256,"Guerrero","GRO_N20","National","Olotillo",6705,25070.9,0.0791234467377067,0.295853246952479,0.704146753047521
"GRO_N20_3",77839,59193.8,84012,0.75127,"Guerrero","GRO_N20","National","Olotillo",6173,24818.2,0.0734775984383183,0.29541256011046,0.70458743988954
"GRO_N22_1",77584,59365.9,84305,0.7305,"Guerrero","GRO_N22","National","Olotillo",6721,24939.1,0.0797224363916731,0.295819939505367,0.704180060494633
"GRO_N22_2",77836,59384.4,84325,0.73982,"Guerrero","GRO_N22","National","Olotillo",6489,24940.6,0.076952268010673,0.295767565965016,0.704232434034984
"GRO_N22_3",77534,58585.6,83155,0.77122,"Guerrero","GRO_N22","National","Olotillo",5621,24569.4,0.0675966568456497,0.29546509530395,0.70453490469605
"GRO_N22_4",77591,59285.1,84159,0.73595,"Guerrero","GRO_N22","National","Olotillo",6568,24873.9,0.0780427524091303,0.295558407300467,0.704441592699533
"GRO_N23_1",78837,60387.6,85742,0.72766,"Guerrero","GRO_N23","National","Olotillo",6905,25354.4,0.0805322945580929,0.295705721816613,0.704294278183387
"GRO_N23_2",77629,59674.5,84783,0.71508,"Guerrero","GRO_N23","National","Olotillo",7154,25108.5,0.0843801233737896,0.296150171614593,0.703849828385407
"GRO_N23_3",21,15.2,21,1,"Guerrero","GRO_N23","National","Olotillo",0,5.8,0,0.276190476190476,0.723809523809524
"GRO_N23_4",78167,59331,84226,0.75662,"Guerrero","GRO_N23","National","Olotillo",6059,24895,0.0719374065015553,0.295573813311804,0.704426186688196
"GRO_N24_1",81156,59305,84232,0.8766,"Guerrero","GRO_N24","National","Olotillo",3076,24927,0.0365181878620952,0.295932662171146,0.704067337828854
"GRO_N24_2",78075,59556.1,84554,0.74082,"Guerrero","GRO_N24","National","Olotillo",6479,24997.9,0.0766255883813894,0.295644203704142,0.704355796295858
"GRO_N24_3",78774,60181,85473,0.73513,"Guerrero","GRO_N24","National","Olotillo",6699,25292,0.078375627391106,0.295906309594843,0.704093690405157
"GRO_N24_4",78535,60424.4,85810,0.71342,"Guerrero","GRO_N24","National","Olotillo",7275,25385.6,0.0847803286330265,0.295834984267568,0.704165015732432
"GRO_N26_1",77800,59452.8,84414,0.73503,"Guerrero","GRO_N26","National","Olotillo",6614,24961.2,0.0783519321439572,0.295699765441751,0.704300234558249
"GRO_N26_2",78379,60371.9,85731,0.71008,"Guerrero","GRO_N26","National","Olotillo",7352,25359.1,0.0857566107942285,0.295798485961904,0.704201514038096
"GRO_N26_3",78242,60056.3,85283,0.72089,"Guerrero","GRO_N26","National","Olotillo",7041,25226.7,0.0825604164956674,0.295799866327404,0.704200133672596
"GRO_N26_4",78298,59971.8,85182,0.72694,"Guerrero","GRO_N26","National","Olotillo",6884,25210.2,0.0808151956986218,0.29595689230119,0.70404310769881
"HGO_E5_1",78137,60176.1,85466,0.7102,"Hidalgo","HGO_E50","National","Olotillo",7329,25289.9,0.0857533990124728,0.295905974305572,0.704094025694428
"HGO_E6_1",76978,58305.8,82795,0.76247,"Hidalgo","HGO_E50","National","Olotillo",5817,24489.2,0.070257865813153,0.295781146204481,0.704218853795519
"NAY_N27_1",78349,59755.5,84868,0.74041,"Nayarit","NAY_N27","National","Olotillo",6519,25112.5,0.0768134043455719,0.295900692840647,0.704099307159353
"NAY_N27_2",78110,60093.1,85344,0.71352,"Nayarit","NAY_N27","National","Olotillo",7234,25250.9,0.0847628421447319,0.295872000374953,0.704127999625047
"NAY_N27_3",78520,60166.2,85418,0.72683,"Nayarit","NAY_N27","National","Olotillo",6898,25251.8,0.0807558125921937,0.295626214615187,0.704373785384814
"NAY_N27_4",77966,59982.5,85161,0.71424,"Nayarit","NAY_N27","National","Olotillo",7195,25178.5,0.0844870304482099,0.29565763671164,0.70434236328836
"NAY_N29_1",77741,59344.7,84290,0.73747,"Nayarit","NAY_N29","National","Olotillo",6549,24945.3,0.0776960493534227,0.295946138331949,0.704053861668051
"NAY_N29_2",77989,59980.2,85211,0.71376,"Nayarit","NAY_N29","National","Olotillo",7222,25230.8,0.0847543157573553,0.296097921629837,0.703902078370163
"NAY_N29_3",78563,60230.3,85543,0.72425,"Nayarit","NAY_N29","National","Olotillo",6980,25312.7,0.081596390119589,0.295906152461335,0.704093847538665
"NAY_N29_4",80059,58768.4,83448,0.86268,"Nayarit","NAY_N29","National","Olotillo",3389,24679.6,0.040612117726009,0.295748250407439,0.704251749592561
"NAY_N30_1",76768,59665,84731,0.68232,"Nayarit","NAY_N30","National","Olotillo",7963,25066,0.0939797712761563,0.295830333644121,0.704169666355879
"NAY_N30_2",78242,59599.1,84645,0.74435,"Nayarit","NAY_N30","National","Olotillo",6403,25045.9,0.075645342312009,0.295893437296946,0.704106562703054
"NAY_N30_3",77898,60233,85542,0.69797,"Nayarit","NAY_N30","National","Olotillo",7644,25309,0.0893596128217718,0.29586635804634,0.70413364195366
"NAY_N30_4",77796,59170.5,83992,0.75038,"Nayarit","NAY_N30","National","Olotillo",6196,24821.5,0.0737689303743214,0.29552219258977,0.70447780741023
"NAY_N47_1",77650,58337.6,82775,0.79028,"Nayarit","NAY_N47","National","Olotillo",5125,24437.4,0.0619148293566898,0.295226819691936,0.704773180308064
"NAY_N47_2",78300,60261.3,85592,0.71213,"Nayarit","NAY_N47","National","Olotillo",7292,25330.7,0.0851948780259837,0.295947051126273,0.704052948873727
"NAY_N47_3",77574,59902.8,85059,0.70246,"Nayarit","NAY_N47","National","Olotillo",7485,25156.2,0.0879977427432723,0.295750008817409,0.704249991182591
"NAY_N47_4",77482,58833.8,83549,0.75452,"Nayarit","NAY_N47","National","Olotillo",6067,24715.2,0.0726160696118446,0.295816826054172,0.704183173945828
"OAX_N31_1",78152,59329.3,84223,0.75612,"Oaxaca","OAX_N31","National","Olotillo",6071,24893.7,0.0720824477874215,0.295568906355746,0.704431093644254
"OAX_N31_2",77688,59141.9,83917,0.74858,"Oaxaca","OAX_N31","National","Olotillo",6229,24775.1,0.0742281063431724,0.295233385368876,0.704766614631124
"OAX_N31_3",78065,59713.4,84825,0.7308,"Oaxaca","OAX_N31","National","Olotillo",6760,25111.6,0.0796934865900383,0.296040082522841,0.703959917477159
"OAX_N31_4",77692,59776.1,84879,0.7137,"Oaxaca","OAX_N31","National","Olotillo",7187,25102.9,0.0846734763604661,0.295749243040092,0.704250756959908
"OAX_N32_1",76957,57653.2,81792,0.7997,"Oaxaca","OAX_N32","National","Olotillo",4835,24138.8,0.0591133607198748,0.295124217527387,0.704875782472613
"OAX_N32_2",77779,59250.2,84130,0.74473,"Oaxaca","OAX_N32","National","Olotillo",6351,24879.8,0.0754903126114347,0.295730417211458,0.704269582788541
"OAX_N32_3",78089,58748.4,83383,0.7851,"Oaxaca","OAX_N32","National","Olotillo",5294,24634.6,0.0634901598647206,0.295439118285502,0.704560881714498
"OAX_N32_4",78551,59652.1,84696,0.75463,"Oaxaca","OAX_N32","National","Olotillo",6145,25043.9,0.0725536034759611,0.29569165013696,0.70430834986304
"OAX_N32_5",77517,58707.9,83336,0.76373,"Oaxaca","OAX_N32","National","Olotillo",5819,24628.1,0.0698257655755016,0.29552774311222,0.70447225688778
"ROO_E11_1",78249,59693.2,84776,0.73978,"Qintana Roo","ROO_E53","National","Dzit-bacal",6527,25082.8,0.0769911295649712,0.295871473058413,0.704128526941587
"ROO_E12_1",78242,60232.2,85532,0.71185,"Qintana Roo","ROO_E53","National","Dzit-bacal",7290,25299.8,0.0852312584763597,0.295793387270261,0.704206612729739
"SLP_E3_1",78213,60183.9,85494,0.71233,"San Luis Potosi","SLP_E49","National","Olotillo",7281,25310.1,0.0851638711488526,0.296045336514843,0.703954663485157
"SLP_E4_1",77864,60179.9,85487,0.69878,"San Luis Potosi","SLP_E49","National","Olotillo",7623,25307.1,0.0891714529694573,0.296034484775463,0.703965515224537
"SLP_E7_1",77719,59593,84638,0.72374,"San Luis Potosi","SLP_E51","National","Olotillo",6919,25045,0.0817481509487464,0.29590727569177,0.70409272430823
"SLP_E8_1",78431,59484.1,84486,0.75782,"San Luis Potosi","SLP_E51","National","Olotillo",6055,25001.9,0.0716686788343631,0.295929503112942,0.704070496887058
"VER_E1_1",78761,60587.4,86039,0.71405,"Veracruz","VER_E48","National","Olotillo",7278,25451.6,0.08458954660096,0.295814688687688,0.704185311312312
"VER_E17_1",77668,58625.7,83187,0.7753,"Veracruz","VER_E56","National","Olotillo",5519,24561.3,0.0663445009436571,0.295254066140142,0.704745933859858
"VER_E18_1",78094,59092.2,83840,0.76782,"Veracruz","VER_E56","National","Olotillo",5746,24747.8,0.0685353053435114,0.29517891221374,0.70482108778626
"VER_E19_1",78234,59332.3,84187,0.76049,"Veracruz","VER_E57","National","Olotillo",5953,24854.7,0.0707116300616485,0.295232042952,0.704767957048
"VER_E2_1",77977,59243,84139,0.75249,"Veracruz","VER_E48","National","Olotillo",6162,24896,0.073235954789099,0.295891322692212,0.704108677307788
"VER_E20_1",78475,59178,84014,0.77698,"Veracruz","VER_E57","National","Olotillo",5539,24836,0.0659294879424858,0.295617397100483,0.704382602899517
"XXX_XXX_14",78420,59091.1,83867,0.78015," ","XXX_XXX_14","_X","Olotillo",5447,24775.9,0.0649480725434319,0.295418937126641,0.704581062873359
